title,description,domain,source
"AI-Powered Drug Interaction Checker","Mobile app that scans prescription bottles and instantly warns patients about harmful drug interaction based on their medication list.","HealthTech","external"
"Blockchain-Verified Academic Credentials","Issues tamper-proof digital diplomas and certificates on-chain that employers can verify instantly without contacting universities.","EdTech","external"
"Peer Lending for Small Businesses","Connects small business owners with individual investors for short-term working capital loans, bypassing traditional banks entirely.","FinTech","external"
"Aquaponics-as-a-Service","Turnkey aquaponics systems for restaurants wanting to grow fresh herbs and vegetables on-site, with remote monitoring included.","AgriTech","external"
"EV Battery Second-Life Marketplace","Collects retired EV batteries and repurposes them as stationary energy storage for homes and small businesses.","CleanTech","external"
"AI-Powered Court Outcome Predictor","Analyzes thousands of past case judgments to estimate win probability for lawyers based on judge, jurisdiction, and case facts.","LegalTech","external"
"Sustainable Fashion Resale Platform","C2C marketplace dedicated to second-hand luxury fashion with AI-powered authentication and carbon footprint comparison per purchase.","RetailTech","external"
"Anonymous Employee Feedback Tool","Real-time mood pulse surveys with guaranteed anonymity and ML analysis to surface recurring issues before they become attrition drivers.","HRTech","external"
"Short-Term Rental Arbitrage SaaS","Identifies undervalued long-term rental properties that would generate higher returns when listed short-term, with full compliance checking.","PropTech","external"
"Fermentation-as-a-Service for Restaurants","Cloud kitchen fermentation facility that produces custom kombucha, kimchi, and hot sauces under restaurant brands on a white-label basis.","FoodTech","external"
